"","APV","ATV","IDV","LPV","NFV","RTV","SQV"
"1",2.3,NA,32.7,NA,23.4,51.6,37.8
"2",76,NA,131,200,50,200,156
"3",2.8,NA,12,NA,100,41,145.6
"4",6.5,9.2,2.1,5.3,5,36,13
"5",8.3,NA,100,NA,161.1,170.2,100
"6",82,75,400,400,91,400,400
"7",2.3,NA,12,NA,11,62.2,400
"8",0.5,NA,0.5,0.5,0.6,0.5,0.7
"9",33,38,19,90,9.3,109,74
"10",14.9,NA,22.3,NA,42.2,104.8,41
"11",7.7,NA,69.6,39,110.8,NA,11.6
"12",3.2,NA,41.5,49.3,75.7,176.8,32.5
"13",2.8,NA,48.9,NA,80.7,121.7,42.1
"14",8.8,NA,9.4,35,16,88,33
"15",6.1,10,28,11,41,36,65
"16",14,9.5,41,40,43,69,2.2
"17",4.2,NA,25.2,25.2,53.2,190,33.2
"18",9.6,37,18,37,14,62,34
"19",6.2,NA,12,NA,10.2,75.5,400
"20",3.5,NA,4.4,NA,6.2,8.6,1.1
"21",3.1,NA,8.7,NA,32,14.7,16.9
"22",1.2,NA,0.7,NA,3.6,1.7,1.3
"23",0.9,1,1.2,0.8,2.3,1,1
"24",11,37,20,15,51,72,340
"25",1,NA,87,16,297,23,71
"26",31,360,200,316,200,200,290
"27",42,96,21,27,200,81,200
"28",1.7,1.8,3.3,1.1,5.2,3.3,3.8
"29",3,32,35,32,29,41,164
"30",9.5,20,8.2,11,72,6.7,46
"31",31,NA,59,NA,156,400,400
"32",1.5,NA,1,NA,2.2,1.8,1.1
"33",0.8,NA,0.8,0.7,1,1,0.8
"34",3.9,NA,20.2,NA,21.6,74.1,9.2
"35",0.1,NA,1,0.5,2.9,0.6,0.6
"36",NA,NA,155.8,73.7,67.7,176,208.7
"37",0.7,NA,0.8,NA,0.8,0.9,1.1
"38",2.7,21,24,6.1,42,29,132
"39",15,38,25,85,50,400,9.4
"40",39,NA,18,NA,48,84,130
"41",61,90,39,400,51,400,184
"42",NA,NA,21,7.5,55,54,85
"43",4.4,NA,5.2,NA,8.6,8.5,3.4
"44",2.6,NA,46,30,59,59,322
"45",4.9,15,18,5.9,24,27,73
"46",10,0.7,1.1,4,2.3,3.7,1.5
"47",0.8,1.2,1.1,0.7,1.6,0.8,0.9
"48",3.9,1.8,2.3,2.6,2.5,6.4,1.9
"49",15,38,25,85,50,300,9.4
"50",NA,NA,1.2,1.2,3,1.6,1
"51",1.4,0.9,1,0.8,1.6,1.2,0.8
"52",1.1,NA,3,1.3,5.9,1.8,1.1
"53",NA,NA,0.8,0.8,1.2,1.2,0.7
"54",2.3,NA,6.3,26,15,65,20
"55",6.2,NA,5,21,17,77,38
"56",3.7,7.1,6.6,13,9.9,63,24
"57",0.9,NA,1,1,1.4,0.9,0.9
"58",46,78,46,97,59,300,400
"59",4.7,29,25,34,28,45,147
"60",8.3,79,16,12,400,70,400
"61",58,5.6,42,400,23,400,6.4
"62",2,NA,24,20,72,73,27
"63",69,57,21,33,47,69,3.5
"64",1.5,6.3,8.3,11,12,25,2.2
"65",11,NA,42,44,71,84,2.7
"66",2.1,16,12,22,15,20,82
"67",2.1,NA,22.2,7.8,24.7,47.8,104.8
"68",0.8,2.8,3.2,1.5,3.5,4.2,0.9
"69",61,NA,38,65,66,58,41
"70",NA,NA,26,25,37,83,7.4
"71",7.5,NA,21,6.3,62,18,33
"72",9.7,62,49,32,63,151,57
"73",NA,NA,8.3,3,22,5.9,3.4
"74",NA,NA,16,20,37,102,7.9
"75",6,2.8,8.1,10,7.4,17,1.5
"76",0.4,2,1.9,0.9,3.7,3.1,2.5
"77",NA,NA,0.7,0.7,11,0.6,0.4
"78",NA,NA,48,24,100,90,58
"79",NA,NA,0.8,1,0.9,1.1,0.8
"80",11,18,28,17,53,43,62
"81",NA,NA,1.4,1.2,2.6,9,1.2
"82",1.6,NA,3.3,NA,3.1,7.4,0.5
"83",1.2,NA,2,1.1,3.7,1.6,1.2
"84",NA,NA,6,4,11,2.1,1.1
"85",9.5,1,46,112,16,36,0.9
"86",0.4,NA,0.6,0.6,0.7,0.8,0.8
"87",0.4,NA,0.5,0.4,0.9,0.5,0.7
"88",NA,NA,33,15,16,45,18
"89",14,9.1,21,75,30,62,22
"90",NA,NA,19,37,41,83,10
"91",NA,NA,1.5,0.9,47,1.3,2.3
"92",15,1.7,35,120,11,55,2
"93",0.8,0.8,0.6,0.7,0.4,0.6,0.9
"94",NA,NA,5.6,10,4.9,20,26
"95",3.9,NA,4.8,NA,24,10,3.2
"96",8.4,19,15,28,24,72,133
"97",300,260,18,51,67,280,25
"98",2.9,2.2,4.4,3.2,3.7,8.5,0.6
"99",6.1,NA,9.3,NA,19,5.5,3.8
"100",69,NA,126,400,267,400,92
"101",NA,NA,0.9,0.7,1.3,0.8,0.7
"102",9.8,22,13,7.1,400,17,53
"103",5.3,NA,8.8,5.3,16.4,24.5,23.8
"104",12,3.4,2,2.9,4.7,4.4,1.9
"105",21,68,400,400,57,400,400
"106",8.8,NA,9.4,28,56,187,306
"107",1.4,11,17,4.4,26,15,20
"108",1.1,1.1,1,1,1.3,1.1,1.2
"109",5.4,15,19,7.2,34,44,70
"110",17,26,21,14,26,70,13
"111",4.4,NA,12.5,NA,3,1.9,0.6
"112",11,15,33,34,56,100,1.5
"113",2.8,NA,7.7,NA,7.7,15.2,6.5
"114",3.2,NA,7.5,NA,9.3,4.2,2.6
"115",10.2,NA,50.7,NA,65.8,128,12.3
"116",NA,NA,NA,NA,7,NA,1
"117",2.3,NA,8.3,NA,11.5,22.1,0.9
"118",3.4,NA,2.7,NA,4.3,8,0.3
"119",NA,NA,NA,NA,37,NA,5
"120",7.6,NA,35.9,NA,34.3,127,3.6
"121",NA,NA,NA,NA,2,NA,1
"122",9.1,NA,17.2,NA,7.2,9.2,2.9
"123",0.3,NA,0.9,NA,1,0.6,0.9
"124",1.1,NA,2.2,NA,1.7,2.2,1
"125",NA,NA,NA,NA,1,NA,1
"126",0.9,NA,24,NA,27.1,47.1,4.7
"127",NA,NA,2.8,0.8,12,1.3,0.9
"128",6.5,NA,11,35,20,63,25
"129",15,27,32,13,29,58,4.5
"130",NA,NA,1.8,0.9,73,1.8,2.7
"131",2.8,3.1,7.4,13,8.7,42,2.1
"132",NA,NA,0.9,0.3,2,1.3,0.8
"133",0.4,2.2,0.8,0.5,24,0.7,0.8
"134",NA,NA,0.3,0.3,0.4,0.3,0.4
"135",2.7,7.3,8.1,8.4,21,5.7,11
"136",2.5,6.6,6,2.4,121,2,15
"137",14,54,49,112,81,200,48
"138",5.1,NA,22.8,33.5,34.7,77,8.9
"139",NA,NA,0.4,0.4,14,0.3,0.3
"140",3.2,NA,22.7,2.7,87.2,4.1,11.8
"141",25,4.2,5,11,7.7,9.6,1.9
"142",6.4,0.6,14,53,3.9,8.2,0.7
"143",NA,NA,1,0.7,1.6,1.3,0.9
"144",6.8,4.5,10,8.7,11,16,0.8
"145",NA,NA,1.4,1.4,59,2.3,2.5
"146",1,2.3,5.3,6.3,7.2,23,1.6
"147",NA,NA,1.2,1.4,1.8,1.6,0.9
"148",0.9,2.4,2.4,1.4,12,1.8,2.1
"149",0.5,NA,0.3,NA,0.6,0.3,0.2
"150",12,12,21,11,21,32,4.6
"151",1.8,34,14,7.9,400,37,87
"152",110,141,400,400,400,400,400
"153",13,7.4,30,46,47,95,1.5
"154",NA,NA,1.3,0.3,5.4,2.1,1.2
"155",3.7,2.3,9.6,30,12,19,2.1
"156",1,1.5,1.4,1,2.9,2.6,1.5
"157",1.7,1.4,1.7,1.4,3,1.6,1.1
"158",NA,NA,3.5,0.9,8,4.4,1.7
"159",0.7,1.2,1.2,0.7,1.5,0.9,0.8
"160",NA,NA,1.9,2.2,9.2,3.4,3.9
"161",9,170,400,72,130,86,400
"162",24,2.2,400,240,56,150,2
"163",0.2,6.1,3.7,0.7,12,0.9,1
"164",1,0.9,0.9,0.7,1.3,1.1,1
"165",1.4,1.2,1.5,1.1,1.5,0.9,0.7
"166",NA,NA,1.6,0.8,2.2,1,1.1
"167",4.5,14,16,6.4,22,51,4.9
"168",1.1,NA,0.6,NA,1.2,1.3,0.7
"169",0.5,NA,0.6,NA,0.8,0.5,0.6
"170",4,NA,16,NA,34,5.5,5.9
"171",5.3,NA,12,NA,3.5,3.3,1.3
"172",100,NA,13,43,55,81,41
"173",56,2.5,9.1,39,19,27,21
"174",1.7,5.4,10,2.8,21,6.1,17
"175",3.2,NA,6.4,NA,4,12.1,3.1
"176",5.2,NA,20.3,NA,34.7,100,91
"177",2.2,NA,4.4,NA,3.4,5.9,0.8
"178",0.4,NA,0.9,NA,11.1,0.9,0.4
"179",2.3,NA,1.2,NA,2,2.1,1.2
"180",0.4,NA,0.9,NA,2.3,1.8,0.9
"181",10.8,NA,32.2,NA,121.7,203.2,29.1
"182",13.9,NA,33.2,NA,97.2,203.8,37.2
"183",0.1,NA,2.1,NA,8.9,1.7,0.7
"184",0.1,NA,6.1,NA,21,1.5,0.2
"185",0.1,NA,3.1,NA,11,1.2,1.5
"186",0.1,NA,1.4,NA,15.8,3.3,1.2
"187",0.1,NA,6.3,NA,29.9,1.4,1.8
"188",0.1,NA,5.4,NA,16.7,1.8,1.4
"189",0.1,NA,7.6,NA,24.6,3.3,1.2
"190",0.2,NA,7.5,NA,18.6,1.9,1.8
"191",0.2,NA,5.5,NA,15.1,1.5,2
"192",0.3,NA,1,NA,1.6,8.1,0.3
"193",0.3,NA,13.5,NA,63,6.2,8.9
"194",0.3,NA,1.2,NA,27.6,0.6,0.4
"195",0.3,NA,1.3,NA,29.1,1.1,1.1
"196",NA,2.6,49,36,55,40,92
"197",5.2,30,53,21,62,20,88
"198",8.7,21,24,12,34,29,57
"199",1.7,1.9,2.7,4.7,3.4,4,0.9
"200",4.6,4.8,3.5,2.6,98,8.4,16
"201",0.6,0.7,0.8,0.9,1,0.9,1
"202",0.6,0.6,1,NA,2,5.3,0.6
"203",8,0.6,1,NA,2,7,1
"204",2,2,2,NA,43,1,0.6
"205",20,NA,27,NA,8,7,4
"206",2,2,3,NA,7,5,3
"207",1,3,2,NA,50,2,2
"208",4,3,7,NA,8,40,2
"209",1,3,10,NA,27,4,3
"210",1,4,6,NA,11,58,3
"211",2,4,2,NA,13,15,4
"212",5,4,10,NA,14,10,4
"213",1,5,2,NA,65,3,3
"214",3,5,8,NA,18,93,4
"215",3,5,4,NA,77,2,3
"216",4,5,17,NA,7,12,1
"217",3,6,13,NA,15,33,4
"218",4,6,16,NA,19,40,4
"219",4,6,15,NA,17,33,3
"220",7,8,10,NA,10,37,4
"221",5,9,11,NA,8,18,11
"222",4,10,13,NA,21,17,23
"223",5,12,17,NA,17,11,11
"224",0.1,14,2,NA,13,2,1
"225",7,14,28,NA,35,85,9
"226",8,16,19,NA,13,51,9
"227",13,22,35,NA,41,34,82
"228",12,27,50,NA,52,63,50
"229",2,29,41,NA,37,77,14
"230",9,30,62,NA,106,17,33
"231",10,35,23,NA,20,105,31
"232",3,41,17,NA,400,54,118
"233",3,82,78,NA,101,90,40
"234",1,2,4,NA,5,14,1
"235",5.5,2.7,6.3,4.7,9.1,3.9,2.5
"236",11,5.9,2,2.9,52,5.7,20
"237",4.3,1.2,18,23,3.8,8,0.4
"238",1,1.2,1.3,1.2,1.4,1.1,1.2
"239",NA,NA,0.9,0.8,1.8,0.9,0.8
"240",0.6,NA,0.7,0.6,1.1,0.9,0.6
"241",5.6,3.8,32,25,34,58,3
"242",0.8,0.6,0.5,0.6,0.7,0.8,0.9
"243",3.4,19,20,35,27,58,7.6
"244",13,14,16,11,12,32,10
"245",1.5,1.4,1.5,1.4,1.8,1.7,1.1
"246",1.3,NA,5,NA,34,22,60
"247",6,10,7.9,11,13,36,3.9
"248",1.1,2.3,5,1.6,13,5.1,1.7
"249",0.3,0.8,0.6,0.4,0.9,0.8,0.7
"250",0.8,0.9,1.5,0.7,3.4,1.8,1.3
"251",0.8,NA,1,NA,1.4,0.8,0.7
"252",13,13,8.8,20,17,142,79
"253",0.7,0.6,0.6,0.6,0.7,0.8,0.5
"254",12,NA,12,NA,102,105,186
"255",NA,NA,9.6,NA,3.9,NA,1.5
"256",NA,NA,2.4,NA,4.1,NA,0.3
"257",NA,NA,20,NA,16.8,NA,1.4
"258",NA,NA,4.5,NA,6.4,NA,0.7
"259",NA,NA,2.5,NA,3.7,NA,0.7
"260",NA,NA,0.5,NA,NA,1.4,1.5
"261",NA,NA,25.2,NA,23,NA,4.8
"262",NA,NA,34.6,NA,27.4,NA,4.8
"263",NA,NA,25.8,NA,33.3,NA,3.8
"264",NA,NA,15.8,NA,37,NA,4.4
"265",NA,NA,34.5,NA,49.8,NA,7.2
"266",4.6,NA,15.6,20.3,17.8,101.9,1.9
"267",1.4,NA,10.2,5.2,7.4,12.1,1.5
"268",3.4,NA,12.6,2.5,33.5,22.6,32.4
"269",5.4,NA,10.6,9.4,30.1,19.5,29.8
"270",6.6,NA,6.8,78.7,8.5,26.6,0.4
"271",0.6,NA,15.7,0.7,54.7,4.5,3.4
"272",2.9,NA,8.7,46.3,1.6,16.2,0.6
"273",1,NA,6.8,24.6,17.2,33.7,0.8
"274",NA,NA,7.1,2.3,7.2,21.6,0.9
"275",1.3,NA,1.8,2.8,2.3,5,1.8
"276",8.5,NA,156,99,205,260.9,52
"277",2.6,10,17,17,12,54,15
"278",0.9,1.1,1.1,1,1.4,1.1,1.1
"279",1.7,5.5,9,2.6,6.4,11,1.7
"280",0.7,67,17,4.4,97,19,34
"281",7.9,NA,58,NA,95,41,134
"282",8.2,NA,20,57,56,200,11
"283",3.6,NA,15,4.3,45,5.9,2.6
"284",0.8,NA,1.3,1,54,2.1,1.6
"285",1.1,NA,1,NA,1.1,0.9,1
"286",0.6,NA,1,NA,1.1,0.8,0.9
"287",0.5,NA,0.7,NA,0.7,0.6,0.7
"288",0.7,NA,0.9,0.9,1.2,0.9,0.8
"289",0.6,NA,0.7,NA,0.8,0.5,0.6
"290",1.9,NA,2.8,NA,160.4,8.2,9.6
"291",1.3,NA,3.2,NA,74,4,7.1
"292",1.1,NA,2.6,NA,124,3.6,4.4
"293",2,NA,5.3,NA,57,3.4,9.3
"294",11.4,NA,1.1,NA,109,4.7,6.1
"295",3.7,NA,3.9,NA,171.4,5.7,38.1
"296",0.4,NA,1.3,NA,32.8,2.1,3.7
"297",2.7,NA,5.2,NA,140.1,10.2,21
"298",1.5,NA,5.8,NA,219,17,24
"299",2.3,NA,8.4,NA,400,35,72
"300",1.2,NA,1.7,NA,47,2.5,5
"301",1,NA,2.3,NA,67,3.1,3.9
"302",28,NA,6.8,NA,400,31,45
"303",1.3,NA,3.5,NA,74,3.3,5.2
"304",2.2,NA,12,NA,140,27,46
"305",130,NA,25,NA,400,275,290
"306",17,NA,79,66,74,73,5.7
"307",17,NA,51,67,96,120,2.4
"308",0.6,NA,0.8,0.6,1.2,0.8,0.5
"309",0.6,NA,0.6,0.6,0.8,0.7,0.6
"310",2.2,NA,17,3.7,43,4.4,6.7
"311",5.9,NA,39,60,70,250,59
"312",0.4,NA,0.3,0.3,0.5,0.5,0.4
"313",7,NA,25,14,31,32,4
"314",0.5,NA,0.7,0.5,0.7,0.4,0.7
"315",0.8,NA,0.9,0.8,1.3,1.2,1.5
"316",0.7,NA,1.2,0.9,1.5,1.1,1
"317",0.9,NA,1.1,1.1,1.4,1.3,0.8
"318",0.7,NA,3.4,4.2,6.7,30,0.4
"319",2.8,NA,11,16,23,48,4.7
"320",3.1,NA,14,18,39,77,5.9
"321",12,NA,40,41,31,108,5.9
"322",0.6,NA,0.9,0.5,1.5,0.9,0.5
"323",2.1,NA,24,21,23,42,143
"324",1.8,NA,11,8.1,12,41,4.5
"325",2.8,NA,16,53,20,85,9.4
"326",3.5,NA,7.7,13,7,78,14
"327",8.5,NA,29,51,40,79,7.4
"328",1.6,NA,19,17,19,45,1.8
"329",1.6,NA,11,1.9,45,5.4,10
"330",3.1,NA,18,108,78,214.2,153
"331",11,NA,20,37,91,54,81
"332",1.4,NA,2.8,1.7,4.4,3.1,0.9
"333",5.8,NA,7.4,7,6.1,45,1.3
"334",3.6,NA,8.1,6.1,27,28,23
"335",0.8,NA,1.1,0.8,1.9,1.5,1.1
"336",5.2,NA,73,39,58,109,155
"337",0.7,NA,1,0.8,1.5,1.1,0.9
"338",6,NA,22,33,43,79,7.1
"339",1.2,NA,1.5,1.3,3.1,3.5,1.2
"340",29,NA,53,185,106,173.9,165
"341",11,NA,58,34,131,129,400
"342",29,NA,6.6,4.2,23,48,24
"343",8.7,NA,187.5,66,139,103,400
"344",0.7,NA,1,0.7,1.7,1.1,0.7
"345",37,NA,20,252,35,176.4,25
"346",8,NA,139,108,136,196.7,66
"347",5,NA,8.1,11,8.6,105,18
"348",9.8,NA,11,4.3,18,17,20
"349",0.1,NA,2.5,NA,14.6,0.6,2.4
"350",0.8,0.9,0.8,0.9,0.8,0.8,0.8
"351",0.5,0.7,0.9,0.7,1.7,0.7,0.8
"352",4.7,5.5,4.5,4.5,6,19,1.3
"353",1.4,NA,1.3,1.3,2.3,1.6,1.2
"354",4,16,30,37,43,177,37
"355",1.8,1.9,0.9,1,7,2.9,1.4
"356",0.3,NA,0.4,0.4,1,0.5,0.4
"357",0.4,1.3,1,0.5,18,0.6,1.1
"358",1.5,1,1.2,0.8,1.7,1,0.9
"359",0.8,1.1,1.1,1.1,1.5,1.2,1.6
"360",NA,NA,1.1,NA,2.3,1.4,0.6
"361",NA,NA,0.4,NA,0.5,0.6,0.5
"362",0.4,NA,0.5,NA,0.8,0.8,0.7
"363",2,NA,1.4,NA,1.5,2.2,1.7
"364",NA,NA,0.8,NA,0.7,1.1,0.7
"365",1.5,NA,1.4,NA,1.4,1.5,1.1
"366",NA,NA,0.9,NA,0.9,1.1,0.5
"367",1,NA,0.8,NA,1.2,1.1,0.8
"368",0.8,NA,1.2,NA,2.5,3,1.3
"369",NA,NA,0.8,NA,1.5,1.3,0.6
"370",0.3,NA,0.4,NA,0.2,0.3,0.5
"371",NA,NA,0.9,NA,1.8,0.9,0.6
"372",0.6,NA,0.5,NA,0.9,0.5,0.7
"373",NA,NA,0.8,NA,0.9,0.8,0.5
"374",NA,NA,0.6,NA,0.6,0.8,0.5
"375",NA,NA,0.8,NA,1.1,0.5,0.3
"376",NA,NA,0.5,NA,0.5,0.6,0.4
"377",NA,NA,0.8,NA,1.2,0.9,0.8
"378",NA,NA,0.3,NA,0.4,0.5,0.1
"379",NA,NA,0.8,NA,1.3,1.3,0.7
"380",NA,NA,0.9,NA,2.6,2.3,1.1
"381",0.3,NA,0.5,NA,1.4,0.5,0.3
"382",0.8,NA,0.8,NA,0.8,1,1.2
"383",0.6,NA,0.7,NA,0.6,0.8,0.9
"384",0.5,NA,0.7,NA,1,0.9,0.7
"385",0.6,NA,0.8,NA,0.9,1,0.9
"386",1.3,NA,0.8,NA,0.8,1.4,0.9
"387",2.1,NA,1.3,NA,2.5,2.8,1.3
"388",2,NA,1.4,NA,2.7,2.3,1.2
"389",1.3,NA,1.1,NA,2,1.8,1.2
"390",1.3,NA,1.9,NA,3.2,3,2.6
"391",NA,NA,0.9,NA,1.4,0.9,0.5
"392",0.7,NA,1,NA,1.4,1.1,0.8
"393",NA,NA,0.9,NA,1,0.8,0.6
"394",NA,NA,1.4,NA,1.3,3.6,1.2
"395",NA,NA,1,NA,2.7,2.8,1
"396",1.1,NA,1.1,NA,1.9,1.9,1.1
"397",0.4,NA,0.4,NA,0.7,0.3,0.4
"398",1,NA,1.9,NA,60,1.5,2
"399",0.9,NA,1.7,NA,2.7,1.5,1.1
"400",1.1,NA,0.7,NA,1.7,0.9,0.8
"401",0.4,NA,0.3,NA,0.5,0.4,0.5
"402",0.4,NA,0.5,NA,7.1,0.4,0.5
"403",0.8,NA,1.2,NA,24.7,1,0.9
"404",3,NA,2.8,NA,2.2,16.1,1
"405",4.4,NA,3.9,NA,3.6,22.4,1.7
"406",3.6,NA,3.6,NA,6.2,12,9
"407",4.5,NA,4.2,NA,11.5,11.3,4.9
"408",2.3,NA,3.7,NA,3,4.4,12.9
"409",0.1,NA,1.5,NA,2.3,0.3,0.4
"410",0.1,NA,2.5,NA,5.1,0.7,1.4
"411",0.1,NA,2.3,NA,8.1,0.8,1.1
"412",0.1,NA,3,NA,12.8,1.3,1.2
"413",0.1,NA,2.9,NA,12.2,1.3,1.4
"414",0.3,NA,0.4,NA,0.4,0.4,0.3
"415",1,NA,1.1,NA,1.4,1.2,1
"416",0.9,NA,1.7,NA,2.4,1.7,1.2
"417",1,1,1,NA,1,1,NA
"418",0.2,5.4,0.1,NA,0.2,0.1,NA
"419",0.7,2.4,0.6,NA,1.1,0.5,NA
"420",0.2,10,0.3,NA,0.3,0.2,NA
"421",1,1,1,NA,1,1,NA
"422",0.1,2,0.1,NA,0.1,0.1,NA
"423",0.3,2,1,NA,1.3,0.7,NA
"424",0.2,6,0.3,NA,0.3,0.2,NA
"425",1,1,1,NA,1,1,NA
"426",0.3,3,0.1,NA,0.1,0.3,NA
"427",0.6,0.9,1.2,NA,1.4,2,NA
"428",0.3,6,0.1,NA,0.2,0.2,NA
"429",1.8,NA,6.2,1.2,7.6,NA,24.7
"430",3.2,NA,5.1,5.3,4.1,NA,1.3
"431",2.5,NA,2.4,2.3,3.6,NA,1.8
"432",0.8,NA,1.2,0.8,30.1,NA,0.4
"433",7.8,NA,0.6,3.6,1.4,NA,1.1
"434",0.6,NA,1.3,0.8,1.1,NA,0.6
"435",2.9,NA,2.6,2.4,4.8,NA,8
"436",3.5,NA,3.5,3.8,6,NA,5.7
"437",3.9,NA,31.1,18.1,30,NA,25.4
"438",9.9,NA,29.4,22.3,48.6,NA,91.4
"439",11,NA,180,100.7,143.6,NA,350
"440",1.8,NA,1.5,1.6,1.3,1.1,1.3
"441",8.4,NA,3.2,7.7,3.4,4,3.7
"442",21,NA,1.6,19,2.9,5.2,1.3
"443",48,NA,2.4,31,4.1,6.5,2
"444",4.6,NA,2.1,6.2,2.6,3.6,2.7
"445",18,NA,1.2,15,3.3,5,1.4
"446",0.1,NA,1.6,NA,2.4,0.4,0.5
"447",0.1,NA,2.6,NA,5.1,0.8,1.4
"448",0.1,NA,2.3,NA,8.2,0.9,1.2
"449",0.1,NA,3.1,NA,12.9,1.4,1.2
"450",0.1,NA,3,NA,12.2,1.3,1.5
"451",0.4,NA,0.5,NA,0.4,0.5,0.4
"452",1.1,NA,1.1,NA,1.4,1.3,1
"453",0.9,NA,1.7,NA,2.5,1.7,1.2
"454",1,0.7,0.6,0.8,1.3,0.8,0.6
"455",1,1.5,0.8,0.6,3.2,1.2,0.8
"456",0.9,4.1,2.4,NA,83,1.3,2.4
"457",3.9,49,8.2,NA,232,13,33
"458",0.7,1.1,1,NA,1.2,1.2,0.7
"459",0.8,0.9,0.9,NA,1.1,1.1,0.9
"460",0.5,1.9,1.1,NA,25,0.6,0.5
"461",0.8,2.9,1.3,NA,5.8,2.4,0.8
"462",1.6,141,27,NA,86,9.8,111
"463",0.2,6,4.2,NA,7.7,0.8,1.3
"464",0.4,7.9,0.4,NA,0.8,0.2,0.5
"465",0.8,0.8,1,NA,1.2,1.1,0.7
"466",0.3,31,12,NA,66,3.6,12
"467",1.6,2.7,1.8,NA,7.4,1.6,1
"468",4.3,3.8,2.6,NA,15,13,3.5
"469",0.3,9.9,0.5,NA,1,0.1,0.3
"470",0.5,0.6,0.8,NA,1.1,0.7,0.5
"471",1.1,12,2.8,NA,72,2.8,6.9
"472",0.6,1.5,1.2,NA,31,0.9,1.1
"473",0.9,0.8,0.8,NA,1.3,0.8,0.8
"474",0.8,8.8,0.4,NA,0.9,0.2,0.3
"475",0.4,0.7,0.8,NA,1.5,1,0.7
"476",1.4,7.6,2.3,NA,142,0.8,NA
"477",0.1,22,0.1,NA,6,0.1,NA
"478",0.5,0.7,0.4,NA,12,0.7,0.6
"479",4.3,22,24,NA,56,19,24
"480",0.6,0.7,0.7,NA,0.8,0.6,0.7
"481",1,2.3,1.9,NA,46,1.1,2
"482",0.6,0.7,0.7,NA,0.8,0.9,0.6
"483",0.5,5.2,0.3,NA,0.3,0.1,0.1
"484",0.5,0.6,0.6,NA,1,0.5,0.4
"485",1.3,4,3.4,NA,91,4.3,5.6
"486",2.7,14,5.2,NA,140,10,21
"487",3.2,2.1,4.6,NA,23,8.2,2.1
"488",2.1,6.9,7.8,NA,35,7.6,5.8
"489",0.4,0.7,0.5,NA,0.6,0.6,0.5
"490",0.3,0.8,0.4,NA,13,0.3,0.3
"491",1.2,7.4,2.6,NA,82,1.8,2.7
"492",0.5,1.8,0.9,NA,14,0.6,0.5
"493",6.2,3.4,1.3,NA,59,9.9,18
"494",0.9,1.4,0.9,NA,4.6,1,0.8
"495",3.4,NA,9.1,NA,30.3,21,30.3
"496",0.9,NA,1.3,NA,2.5,1.4,1
"497",0.6,NA,0.7,NA,1.1,0.9,0.6
"498",0.7,NA,1,NA,47,1.4,1.5
"499",1.1,NA,1.1,NA,1.5,1.7,0.9
"500",0.8,NA,1,NA,1.4,1.3,1.1
"501",0.6,NA,1.6,NA,38.9,1,0.9
"502",1.2,NA,17.1,NA,21,61.2,3.8
"503",3,NA,4.3,NA,4.5,16.5,0.7
"504",0.8,NA,1.3,NA,1.8,1.4,1.2
"505",0.5,NA,0.7,NA,1.3,0.9,1
"506",6,NA,10.5,NA,18.4,12,18
"507",1.3,NA,1.3,1.1,2.6,1.6,1.5
"508",1.6,NA,5.2,2.8,5.8,14,1.6
"509",0.8,NA,0.6,0.7,0.9,0.8,0.7
"510",0.6,0.8,1,0.7,0.8,0.7,0.6
"511",14,8.8,6.8,17,15,63,4.1
"512",5.4,4.7,9.4,7.4,9.9,20,33
"513",1,NA,7.2,1.3,21,5.1,8.4
"514",1,2.6,2.1,1,53,2.1,2.6
"515",1.2,1.4,1.8,1,3.4,3.4,3.7
"516",0.8,1.1,1,1,2,1.5,0.8
"517",5.6,65,150,75,89,140,59
"518",4.8,NA,53,56,59,82,6.2
"519",1.9,1.5,1.5,1.5,2.4,1.9,1.2
"520",0.4,NA,0.4,0.4,0.5,0.4,0.6
"521",1.1,0.9,0.7,0.9,1,1.5,0.8
"522",0.5,NA,0.6,0.6,0.6,0.6,0.5
"523",0.4,0.9,0.9,0.8,0.7,0.6,1
"524",2.3,19.3,17,9.9,18.4,45.3,16.7
"525",0.6,0.7,0.8,0.6,1,0.7,0.8
"526",0.6,1.3,1.1,0.6,23.3,0.6,0.3
"527",1,15.2,23.4,10.1,29.8,36.7,7.1
"528",2.1,1.9,2.5,4.3,2.5,14.5,1.2
"529",1.5,27.4,31.4,13.2,43.6,73.5,21.4
"530",1.2,2.5,1.8,1.2,45,0.9,2.3
"531",1.3,2.6,3.5,1.4,4.1,7.6,0.4
"532",4.9,10.8,24.5,7.5,56,9.3,16.2
"533",4.1,17.2,8.4,10.9,6.1,61.5,20.9
"534",6.3,NA,7.5,6.3,17.6,48.7,47.7
"535",1.7,NA,1.2,0.4,15.3,1.6,6.1
"536",5.4,NA,1.3,NA,58.7,8.6,14.1
"537",8.6,NA,4.1,1.6,74.3,10,55.9
"538",10.4,NA,10.7,3.1,395.3,9.1,92
"539",64.1,NA,62.9,46.8,143.8,21.6,24.4
"540",23,NA,42.3,7.2,400,59.8,400
"541",118.1,NA,24.2,77,400,400,137.2
"542",31.1,NA,26.8,NA,400,84.5,140.6
"543",42.5,NA,78.3,11.4,400,76,364.6
"544",32,NA,57.8,13.8,400,42.1,241.1
"545",28.1,NA,52.6,9,400,54.2,256.2
"546",19,NA,41,6,271,31,105
"547",20.9,NA,38,13.9,63.9,33.7,24
"548",74,NA,92.1,123.5,400,141.1,400
"549",252.2,NA,400,94.4,400,86.2,265.5
"550",1.6,NA,1.3,1.9,3,4.9,3.9
"551",24.8,NA,8.6,37.5,3,7.2,2
"552",2.3,NA,1.9,1.4,1.8,4.7,2.8
"553",1.6,NA,3.2,1.9,4.3,2.8,1.8
"554",2.2,NA,1.4,2,2.3,4.6,1.9
"555",12.5,NA,33.9,28.9,8.5,5,3.5
"556",42.6,NA,33.6,80.2,30.8,92.9,30.4
"557",40,NA,16.7,79,14,33.3,14.3
"558",4.6,NA,6.3,9.5,8.4,22.4,4.5
"559",39.5,NA,79.2,99.3,101.9,84.5,43.1
"560",52.7,NA,41.5,102.7,136.6,275,162.3
"561",NA,NA,2.7,NA,7.8,12.6,4.9
"562",0.4,NA,25.3,NA,27.8,27.8,3.2
"563",0.2,NA,6.1,NA,31.4,1.7,1.2
"564",4.2,NA,6.1,NA,400,11.9,13.5
"565",3.4,NA,1.6,NA,3,7.3,5.5
"566",4.3,NA,21.9,NA,76.7,113,181
"567",1,NA,4.8,NA,3.5,5.8,0.9
"568",0.8,NA,1,0.7,1.6,1,0.9
"569",0.9,0.9,1,0.7,1.3,1,0.8
"570",0.8,0.7,0.8,0.7,0.9,0.7,0.6
"571",0.8,NA,0.7,0.7,1,1,0.7
"572",0.5,0.9,0.9,0.7,0.5,0.5,0.8
"573",1,NA,3.6,1.3,5.7,3,2.4
"574",1.4,1.3,1.4,1.2,1.5,1.3,1.2
"575",1,1.2,1.6,1.1,2.3,1.2,1
"576",0.4,0.9,1,0.7,1.4,0.8,0.7
"577",0.5,2.5,1.1,0.7,38,1.2,15
"578",7.8,43,41,45,67,400,22
"579",15,NA,NA,48,NA,160,NA
"580",0.7,1,1,1.1,1.6,1.5,1.3
"581",0.8,8.4,2.2,1.8,88,9.2,40
"582",18,41,89,108,63,96,219
"583",1.2,1.5,2.9,2.8,2.5,8.7,0.6
"584",44,NA,25,153,31.1,400,26
"585",13,NA,77,34,116,87,278
"586",2.8,NA,33,21,27,178,54
"587",0.6,NA,0.8,0.5,1.3,0.6,0.5
"588",3.1,11,10,6.2,13,41,165
"589",27,0.6,21,54,6.5,12,0.5
"590",1.8,1.3,1.6,1.1,1.5,1.2,1.2
"591",1,1.2,1.5,0.8,1.6,1.1,0.8
"592",3.8,61,33,44,62,230,40
"593",NA,NA,13,17,24,24,15
"594",NA,26,28,26,36,40,25
"595",NA,NA,178,400,175,400,84
"596",NA,NA,102,122,113,400,400
"597",NA,NA,0.9,0.8,1.3,0.8,0.5
"598",NA,NA,1.8,1.1,3.3,1.5,1
"599",NA,NA,1.8,1.2,2.4,1.5,1.1
"601",NA,NA,0.7,0.6,0.7,0.5,0.5
"602",NA,NA,1.1,0.9,2.2,1.1,1.1
"603",NA,NA,10,28,59,94,100
"604",0.3,NA,0.4,0.3,0.4,0.3,0.3
"605",0.6,NA,1,1,1.1,1.1,1.1
"606",1,0.7,1.2,0.7,0.9,0.7,0.9
"607",4.9,45,74,30,92,75,400
"608",1.4,1.3,5.8,13,4.7,18,0.9
"609",0.7,0.8,0.8,0.7,0.6,0.6,1
"610",19,17,37,17,47,46,67
"611",0.7,0.6,0.7,0.7,0.9,0.6,0.8
"612",0.7,1.3,1,0.8,0.9,0.7,0.9
"613",0.7,NA,0.7,0.6,0.7,0.7,0.6
"614",0.6,NA,0.7,0.7,0.8,0.6,0.6
"615",0.7,0.7,0.7,NA,0.8,0.8,0.7
"616",0.9,NA,0.9,0.7,1,0.9,0.8
"617",1.5,1.5,1.2,1.3,1.9,1.7,1
"618",1.1,1.1,1,1.1,1.1,1.3,1
"619",1.2,1.1,0.8,1.1,1.1,1.2,0.8
"620",0.8,0.9,0.8,0.8,0.9,1.2,0.9
"622",0.3,0.5,0.4,0.3,0.4,0.3,0.6
"623",1.5,NA,1.5,1.5,1.8,1.8,1
"624",66,400,400,199,400,400,400
"625",0.7,NA,0.7,0.7,0.8,0.6,0.6
"626",1.2,1.6,1.9,1,4.4,2.1,1.8
"627",1.2,NA,1.6,1.1,3,1.6,1.1
"628",0.6,0.8,0.8,0.8,0.7,0.6,0.9
"629",0.6,NA,0.8,0.6,1.5,0.8,0.7
"630",132,NA,25,213,43,400,9.3
"631",16,9.8,5.7,41,8,82,6.5
"632",0.7,NA,0.7,0.7,1,1,0.6
"633",6,NA,11,48,29,400,10
"634",3.7,NA,16,48,54,118,10
"635",25,NA,45,97,84,108,157
"636",0.9,NA,1.2,0.7,1.9,1.1,0.8
"637",9.2,NA,18,71,31,162,6.5
"638",1.5,6.7,3.3,2.3,118,2.7,6.3
"639",0.4,NA,0.7,0.5,1,0.6,0.5
"640",0.6,NA,0.6,0.5,0.8,0.6,0.6
"641",0.7,NA,0.8,0.6,1.1,0.6,0.5
"642",0.6,NA,0.6,0.7,0.8,0.7,0.5
"643",0.9,NA,1.1,0.9,1.9,1.1,0.7
"644",1.5,NA,1.7,1.5,2.9,2.1,1.7
"645",NA,5.8,NA,0.2,NA,NA,NA
"646",NA,3.5,NA,0.2,NA,NA,NA
"647",0.6,NA,0.4,NA,1,0.4,0.3
"648",0.4,NA,0.4,NA,0.7,0.5,0.3
"649",0.5,NA,0.7,NA,0.9,0.7,0.7
"650",0.4,NA,0.4,NA,0.8,0.5,0.5
"651",0.5,NA,0.4,NA,0.7,0.5,0.6
"652",0.2,NA,0.3,NA,0.3,0.2,0.3
"653",1,NA,0.6,NA,1.1,0.7,0.8
"654",0.5,NA,0.4,NA,0.5,0.4,0.4
"655",0.7,NA,1,NA,1.8,1.6,1.4
"656",0.5,NA,0.8,NA,0.9,0.9,0.7
"657",0.4,NA,0.4,NA,0.5,0.6,0.5
"658",0.2,NA,0.2,NA,0.3,0.2,0.2
"659",0.4,NA,0.3,NA,0.5,0.3,0.4
"660",1.1,NA,1,NA,2.1,1.1,0.9
"661",0.7,NA,0.8,NA,1.5,0.8,0.7
"662",0.8,NA,0.8,NA,1.4,1.1,0.7
"663",0.5,NA,0.2,NA,0.4,0.2,0.3
"664",0.5,NA,0.9,NA,1.6,1,0.6
"665",0.4,NA,0.3,NA,0.3,0.4,0.4
"666",0.3,NA,0.2,NA,0.4,0.4,0.2
"667",0.6,NA,0.7,NA,0.9,0.7,0.7
"668",0.7,NA,0.6,NA,0.7,0.6,0.5
"669",0.7,NA,0.8,NA,1.6,0.9,0.6
"670",0.8,NA,1,NA,1.7,1.1,0.8
"671",0.5,NA,0.6,NA,1,0.5,0.5
"672",0.5,NA,0.6,NA,1.1,0.6,0.7
"673",0.3,NA,0.4,NA,0.8,0.3,0.2
"674",0.7,NA,0.8,NA,1.8,0.9,0.8
"675",0.3,NA,0.3,NA,0.4,0.4,0.3
"676",0.6,NA,0.5,NA,1.1,0.5,0.7
"677",0.6,NA,0.4,NA,0.6,0.5,0.5
"678",0.7,NA,0.8,NA,0.8,0.9,0.6
"679",0.4,NA,0.4,NA,0.6,0.6,0.5
"680",0.8,NA,0.6,NA,0.8,0.9,0.4
"681",0.4,NA,0.5,NA,0.8,0.9,0.6
"682",1.1,NA,0.6,NA,0.6,0.7,0.6
"683",0.4,NA,0.6,NA,0.9,0.4,0.2
"684",0.7,NA,0.7,NA,0.9,0.8,0.5
"685",1.1,NA,1.3,NA,1.2,1,0.8
"686",0.5,NA,0.5,NA,0.7,0.6,0.4
"687",0.2,NA,0.2,NA,0.5,0.2,0.3
"688",0.5,NA,0.6,NA,1,0.8,0.7
"689",0.4,NA,0.5,NA,0.8,0.7,0.7
"690",0.3,NA,0.3,NA,0.8,0.3,0.3
"691",0.4,NA,0.3,NA,0.6,0.4,0.3
"692",0.3,NA,0.4,NA,0.5,0.5,0.4
"693",0.5,NA,0.5,NA,0.9,0.5,0.3
"694",0.7,NA,0.8,NA,0.8,0.8,1
"695",0.3,NA,0.6,NA,1.3,0.6,0.5
"696",0.4,NA,0.4,NA,0.4,0.4,0.3
"697",0.7,NA,0.4,NA,0.8,0.9,0.4
"698",0.6,NA,0.6,NA,0.8,0.7,0.5
"699",0.5,NA,0.6,NA,0.9,0.7,0.5
"700",0.4,NA,0.5,NA,0.8,0.6,0.5
"701",0.6,NA,0.6,NA,1.1,0.9,0.6
"702",0.5,NA,0.7,NA,0.9,0.8,0.5
"703",5.4,10,NA,2.5,14,9.9,3.1
"704",1.1,0.9,NA,0.9,1.7,1.4,0.8
"705",21,2.8,NA,219,50,139,7.6
"706",8,87,NA,73,82,188,93
"707",34,5.8,NA,83,6.5,67,2.8
"708",34,1.6,NA,40,4.9,29,0.9
"709",4.2,0.4,NA,3.4,1.3,1.6,0.3
"710",11,0.8,NA,86,10,46,1.3
"711",6.1,1.6,NA,78,12,35,1.7
"712",1.4,2.9,NA,20,10,57,2.2
"713",0.7,0.7,NA,0.7,0.9,0.8,0.8
"714",21,5.2,NA,104,18,81,2.6
"715",142,51,NA,233,15,162,18
"716",2.8,NA,7.2,8.1,1.6,NA,1
"717",1.8,NA,2.3,1.2,42,NA,6
"718",3.9,NA,53,70,68,NA,400
"719",9.1,NA,8.1,8.5,12,NA,27
"720",6,NA,13,20,5.2,NA,3.2
"721",37,NA,1.3,13,3.6,NA,1.7
"722",13,NA,10,43,31,NA,85
"723",4.5,NA,31,17,40,NA,106
"724",8.7,NA,39,28,72,NA,193
"725",7.7,NA,3.3,17,8.1,NA,1.5
"726",9.7,NA,29,47,33,NA,125
"727",5.7,NA,28,22,27,NA,47
"728",21,NA,11,60,31,NA,61
"729",69,NA,33,130,172,NA,400
"730",6.9,NA,39.9,39.1,44.1,NA,NA
"731",23.3,NA,13.2,77.3,41.6,NA,NA
"732",16.3,NA,20.4,87.4,30.5,NA,NA
"733",11.4,NA,149.8,86.4,156.8,NA,NA
"734",16.5,NA,58,92.5,178,NA,NA
"735",1.1,NA,5.6,NA,15,4.8,3.4
"736",9.9,NA,8.3,NA,32,16,3.7
"737",4.8,NA,11,NA,11,29,1.1
"738",31,NA,20,NA,29,45,1.8
"739",48,NA,22,NA,38,55,29
"740",5,NA,38,NA,68,30,89
"741",3.1,NA,8.4,NA,6.9,9.2,1.8
"742",27,NA,36,NA,66,116,69
"743",0.5,NA,1.1,0.4,23,0.6,1.1
"744",2.2,10,21,25,13,49,5
"745",3.8,25,29,8,89,22,55
"746",0.8,0.6,1.2,1.3,1.6,2,1.5
"747",0.6,0.6,0.8,0.6,1.4,1.1,0.7
"748",5.2,110,9.8,13,6.4,30,2.6
"749",0.2,0.6,0.5,0.5,0.6,0.6,0.5
"750",1.1,1,1,0.9,1,1.1,0.8
"751",0.9,NA,0.7,0.7,1,0.8,0.7
"752",0.9,0.9,0.7,0.8,0.9,0.7,0.9
"753",0.6,NA,0.9,0.6,1.4,0.8,0.7
"754",6.9,16,14,47,40,51,24
"755",146,53,26,198,32,400,11
"756",44,187,400,139,114,400,59
"757",37,NA,18,100,19,140,18
"758",1.2,3.1,2.8,1.2,5.5,5,3.2
"759",3.5,28,30,52,44,240,98
"760",0.8,0.7,0.9,0.4,1.5,0.9,1.1
"761",187,70,31,306,51,400,11
"762",43,NA,19,67,32,44,15
"763",0.7,NA,2.1,6.5,3.4,11,0.6
"764",0.7,NA,0.8,1,1.3,1,0.6
"765",2.2,NA,14,27,27,50,6.9
"766",0.7,NA,0.4,0.5,0.5,0.5,0.5
"767",0.6,NA,0.6,0.6,0.5,0.6,0.7
"768",2.4,NA,13,26,24,35,3.9
"769",6.3,NA,44,30,73,78,164
"770",5.5,NA,12,6.2,35,13,26
"771",0.4,NA,0.3,0.3,0.4,0.6,0.6
"772",0.9,NA,0.8,0.8,1.2,1,0.6
"773",0.4,NA,0.9,0.6,1.1,0.8,1
"774",1.4,NA,6,1.6,15,2,2.7
"775",0.6,NA,0.6,0.5,0.6,0.6,0.5
"776",0.4,NA,0.5,0.4,0.5,0.5,0.4
"777",1.5,NA,4.8,5.8,1.1,9.8,1.2
"778",0.5,NA,0.8,0.5,1,0.7,0.7
"779",1.9,NA,7.7,12,9.4,35,2.3
"780",0.5,NA,0.7,0.5,0.7,0.4,0.7
"781",6.1,NA,164,87,228,146,376
"782",0.5,NA,0.4,0.3,0.4,0.5,0.5
"783",13,NA,43,108,17,74,2.5
"784",4.2,NA,12,27,14,51,1.4
"785",0.4,NA,0.4,0.4,0.5,0.4,0.4
"786",0.9,NA,2.8,4.9,2.5,9.9,0.4
"787",14,NA,7,37,5.8,18,0.3
"788",2.1,NA,3.3,2.7,2.1,4.8,0.2
"789",0.8,NA,0.8,0.7,1,1,0.6
"790",0.3,NA,0.3,0.3,0.4,0.3,0.2
"791",24,NA,89,211,268,181.8,63
"792",0.7,0.9,0.7,1,1,0.8,0.6
"793",0.2,0.5,0.4,0.4,0.6,0.3,0.6
"794",0.6,0.8,1,0.6,1.4,0.8,0.9
"795",0.7,0.9,1.2,0.7,1.7,0.8,0.9
"796",1.7,NA,NA,5.8,19.2,30.8,0.1
"797",0.5,NA,0.5,0.5,0.6,0.5,0.4
"798",2.2,NA,2.3,4.5,7.4,14.8,0.2
"799",NA,NA,2.3,3.3,2.3,6.5,0.6
"800",1,NA,1.4,0.9,1.9,1.2,0.9
"801",1.6,NA,4.1,2.9,9,59.5,1.8
"802",1.1,NA,1.6,1.7,1.8,7.7,0.7
"803",1.1,NA,1.1,1,1.6,1.2,1
"804",0.3,NA,0.6,1.2,0.5,3.4,0.4
"805",1.6,NA,6.9,13.6,6.7,33.9,1.3
"806",1.1,3.3,4,1.8,8.5,4.2,3.2
"807",1.2,2.6,3.5,1.9,3.5,5.3,0.5
"808",0.9,1.3,1.2,0.8,1.7,1,0.9
"809",6.6,23,11,5.3,56,36,12
"810",0.7,1.1,1.2,1.6,1.6,7.5,0.4
"811",14,120,140,99,110,190,400
"812",300,400,62,120,160,300,400
"813",0.8,2.1,1.6,2.2,1.6,11,0.6
"814",19,53,15,130,28,400,87
"815",0.7,1.9,1.8,2.2,1.6,18,0.8
"816",400,400,33,400,91,NA,400
"817",25,32,24,47,41,NA,200
"818",34,112,23,72,128,NA,400
"819",40,58,9.4,116,67,NA,400
"820",3.9,3.2,6.5,4.3,17,NA,23
"821",3.8,6.8,9.2,4.1,21,NA,18
"822",5,7.3,9.9,4.9,11,18,1.3
"823",0.4,4.1,0.4,0.3,0.6,0.2,0.5
"824",21,60,31,110,81,300,77
"825",0.3,0.6,0.4,0.4,0.7,0.4,0.6
"826",0.9,1,0.8,0.9,1.1,0.7,0.8
"827",5.3,32,24,8.5,91,52,300
"828",7.8,63,21,35,54,79,64
"829",7.8,63,21,35,54,79,64
"830",2.5,10,9.6,6.8,15,19,2.9
"831",0.6,0.5,0.6,0.3,0.7,0.5,0.3
"832",1.7,1.3,1.4,1,1.1,1.6,0.8
"833",0.2,0.3,0.3,0.2,0.3,0.3,0.3
"834",0.8,0.6,0.7,0.8,1.4,0.9,0.5
"835",0.4,0.4,0.5,0.5,0.5,0.5,0.6
"836",0.9,0.9,0.9,0.6,0.7,0.7,0.6
"837",0.5,1.2,1,1,1.4,0.8,0.8
"838",0.7,0.7,0.6,0.7,0.7,0.6,0.7
"839",14,13,42,67,58,102,18
"840",1.3,3.1,4.6,2.9,3.7,12,0.9
"841",4.6,208,6.7,7.5,6.6,36,0.9
"842",33,29,20,38,48,122,93
"843",0.7,0.8,0.9,0.4,1.5,0.9,1.1
"844",4.6,8.1,7.9,8.3,14,33,22
"845",9.6,30,42,14,48,34,66
"846",22,38,15,34,30,82,66
"847",15,0.8,37,210,9.4,25,1.4
"848",2.6,76,4.2,3.6,8.3,6.5,1.6
